"Nom Image","N° facture",Date,Nom,Montant,"Nom Entreprise"
﻿CourrierDev041.png,"1 9003422","20/1 0/09","BRICO DEPOT",178.68,UNIROSS
﻿CourrierDev039.png,1510043427,16.10.2009,"BRICO DEPOT TECHNIPARC SIEGE
COMPTABILITE FOURNISSEURS
30-32 RUE DE LA TOURELLE

91310_ LONGPONT SUR ORGE
FRANCE","1.524 90",ALLIBERT
﻿CourrierDev033.png,1510043434,"16 . 10 .2009","BRICO DEPOT TECHNIPARC SIEGE
COMPTABILITE FOURNISSEURS
30-32 RUE DE LA TOURELLE

91310 LONGPONT SUR ORGE
FRANCE",1.829188,ALLIBERT
﻿CourrierDev032.png,"1 9003421",20/10/09,"BRICO DEPOT",277.23,UNIROSS
﻿CourrierDev010.png,19569,"1 3/1 0/09","BRICO DEPOT","2 787 42 G",MOREY
﻿CourrierDev020.png,19565,"1 3/1 0/09","BRICO DEPOT","4 910.38",MOREY
﻿CourrierDev043.png,1510043433,16.10.2009,"BRICO DEPOT TECHNIPARC SIEGE
COMPTABILITE FOURNISSEURS
30-32 RUE DE LA TOURELLE

91310 LONGPONT SUR ORGE
FRANCE",1.219.92,ALLIBERT
﻿CourrierDev052.png,1510043425,16.10.2009,"BRICO DEPOT TECHNIPARC SIEGE
COMPTABILITE FOURNISSEURS
30-32 RUE DE LA TOURELLE

91310 LONGPONT SUR ORGE
FRANCE",2.744.82,ALLIBERT
﻿CourrierDev045.png,19550,"1 2/1 0/09","BRICO DEPOT","2 755.46",MOREY
﻿CourrierDev014.png,19003417,20/10/09,"BRICO DEPOT",226.28,UNIROSS
﻿CourrierDev054.png,1510043426,16.10.2009,"BRICO DEPOT TECHNIPARC SIEGE
COMPTABILITE FOURNISSEURS
30-32 RUE DE LA TOURELLE

91310 LONGPONT SUR ORGE
FRANCE 1",3.049.80,ALLIBERT
﻿CourrierDev025.png,"1 900341 9","20/1 0/09","BRICO DEPOT",305.98,UNIROSS
﻿CourrierDev038.png,1510043428,16110.2009,"BRICO DEPOT TECHNIPARC SIEGE
COMPTABILITE FOURNISSEURS
30-32 RUE DE LA TOURELLE

91310 LONGPONT SUR ORGE
FRANCE -",1.524.90,ALLIBERT
﻿CourrierDev017.png,19003418,20/10/09,"BRICO DEPOT",214.26,UNIROSS
﻿CourrierDev040.png,19567,"1 3/1 0/09","BRICO DEPOT","3 165.67",MOREY
﻿CourrierDev036.png,1510043423,"16 . 10 . 2009","BRICO DEPOT TECHNIPARC SIEGE
COMPTABILITE FOURNISSEURS
30-32 RUE DE LA TOURELLE

91310 LONGPONT SUR ORGE
FRANCE",1.219.92,ALLIBERT
﻿CourrierDev009.png,19566,"1 3I1OI09","BRICO DEPOT","3 272.14",MOREY
﻿CourrierDev057.png,"1 9568","1 3/1 0/09","BRICO DEPOT","4 905.42",MOREY
﻿CourrierDev050.png,1510043432,"16. 10 .2009","BRICO DEPOT TECHNIPARC SIEGE
COMPTABILITE FOURNISSEURS
30-32 RUE DE LA TOURELLE

91310 LONGPONT SUR ORGE
FRANCE v","1.524 90",ALLIBERT
﻿CourrierDev030.png,19003420,20/10/09,"BRICO DEPOT",267.84,UNIROSS
